{"in_size":2,"w":[0.49999999847474713,0.5000000352575615],"ftype":"iden","fparams":[],"b":5.845020505338785e-9,"alpha":0.1,"s":0.619000032389873,"a":0.619000032389873}