{"in_size":3,"w":[0.9999999470388975,-1.0000001277844108,1.0000001772349232],"b":-2.9504085384240027e-8,"alpha":0.1,"s":1.7510001802058046,"a":1.7510001802058046}