{"w":[0.9999999569109125,-1.0156455026585003e-7,1.0000001429892544],"b":-2.37978391050979e-8,"alpha":0.1,"s":1.350000144651541,"a":1.350000144651541}