{"in_size":4,"w":[1.0000002154470125,1.0000001154960163,0.9999999035776782,0.999999630896369],"ftype":"iden","fparams":[],"b":6.409617113673104e-8,"alpha":0.1,"s":-0.51299966069781,"a":-0.51299966069781}