{"in_size":2,"w":[-1.0000000032519187,-0.9999998407864229],"b":2.7230044253971573e-8,"alpha":0.1,"s":-1.237999851210003,"a":-1.237999851210003}