{"in_size":3,"w":[0.9999999520046555,1.999999886150284,3.0000001623829546],"ftype":"iden","fparams":[],"b":-2.675247351759791e-8,"alpha":0.1,"s":2.546000164275468,"a":2.546000164275468}